A/A	Air to Air	https://www.flightdeckfriend.com/become-an-airline-pilot/pilot-and-aviation-abbreviations/
A/C	Aircraft	https://www.flightdeckfriend.com/become-an-airline-pilot/pilot-and-aviation-abbreviations/
AA	Acceleration Altitude	https://www.flightdeckfriend.com/become-an-airline-pilot/pilot-and-aviation-abbreviations/
AA	Anti Aircraft	https://www.flightdeckfriend.com/become-an-airline-pilot/pilot-and-aviation-abbreviations/
AA	American Airlines	https://www.flightdeckfriend.com/become-an-airline-pilot/pilot-and-aviation-abbreviations/
AACA	Arab Air Carriers Organisation .	https://centreforaviation.com/about/glossary
AAIB	Air Accident Investigation Branch	https://www.flightdeckfriend.com/become-an-airline-pilot/pilot-and-aviation-abbreviations/
AAL	Above Aerodrome Level	https://www.flightdeckfriend.com/become-an-airline-pilot/pilot-and-aviation-abbreviations/
AAPA	Association of Asia Pacific Airlines.	https://centreforaviation.com/about/glossary
AASA	Airline Association of Southern Africa.	https://centreforaviation.com/about/glossary
AB	Auto Brake	https://www.flightdeckfriend.com/become-an-airline-pilot/pilot-and-aviation-abbreviations/
ABP	Able Bodied Passengers	https://www.flightdeckfriend.com/become-an-airline-pilot/pilot-and-aviation-abbreviations/
ABTA	Association of British Travel Agents.	https://centreforaviation.com/about/glossary
AC	Alternating Current	https://www.flightdeckfriend.com/become-an-airline-pilot/pilot-and-aviation-abbreviations/
ACAC	Arab Civil Aviation Commission.	https://centreforaviation.com/about/glossary
ACARS	Aircraft Communication Addressing and Reporting System	https://www.flightdeckfriend.com/become-an-airline-pilot/pilot-and-aviation-abbreviations/
ACAS	Airborne Collision-Avoidance System (ICAO).	https://centreforaviation.com/about/glossary
ACC	Airport Consultative Committee (IATA).	https://centreforaviation.com/about/glossary
ACI	Airports Council International.	https://centreforaviation.com/about/glossary
ACN	Aircraft Classification Number	https://www.flightdeckfriend.com/become-an-airline-pilot/pilot-and-aviation-abbreviations/
ACP	Auto Control Panel	https://www.flightdeckfriend.com/become-an-airline-pilot/pilot-and-aviation-abbreviations/
AD	Airworthiness Directive	https://www.flightdeckfriend.com/become-an-airline-pilot/pilot-and-aviation-abbreviations/
ADC	Air Data Computer	https://www.flightdeckfriend.com/become-an-airline-pilot/pilot-and-aviation-abbreviations/
ADF	Automatic Direction Finder	https://www.flightdeckfriend.com/become-an-airline-pilot/pilot-and-aviation-abbreviations/
ADI	Attitude Director Indicator	https://www.flightdeckfriend.com/become-an-airline-pilot/pilot-and-aviation-abbreviations/
ADU	Air Data Unit	https://www.flightdeckfriend.com/become-an-airline-pilot/pilot-and-aviation-abbreviations/
AEA	Association of European Airlines.	https://centreforaviation.com/about/glossary
AFA	Association of Flight Attendants	https://airlinecareer.com/tests/flight-attendant-dictionary/#PSR
AFCAC	African Civil Aviation Commission.	https://centreforaviation.com/about/glossary
AFE	Above Field Elevation	https://www.flightdeckfriend.com/become-an-airline-pilot/pilot-and-aviation-abbreviations/
AFRAA	African Airlines Association.	https://centreforaviation.com/about/glossary
AFTK	Available Freight Tonne Kilometres	https://centreforaviation.com/about/glossary
AFTN	Aeronautical Fixed Telecommunications Network.	https://centreforaviation.com/about/glossary
AGL	Above Ground Level	https://www.flightdeckfriend.com/become-an-airline-pilot/pilot-and-aviation-abbreviations/
AGM	Annual General Meeting (IATA).	https://centreforaviation.com/about/glossary
AH	Artificial Horizon	https://www.flightdeckfriend.com/become-an-airline-pilot/pilot-and-aviation-abbreviations/
AI	Altitude Indication	https://www.flightdeckfriend.com/become-an-airline-pilot/pilot-and-aviation-abbreviations/
AIM	Aeronautical Information Manual	https://www.aircharterservice.com/about-us/news-features/blog/an-a-z-of-aviation-definitions
AIP	Aeronautical Information Publication	https://www.flightdeckfriend.com/become-an-airline-pilot/pilot-and-aviation-abbreviations/
AITAL	International Association of Latin American Transport (Asociacion Internacional de Transporte Aereo Latinoamericano).	https://centreforaviation.com/about/glossary
ALPA	Air Line Pilots Association.	https://centreforaviation.com/about/glossary
ALPHA	Angle of Attack	https://www.flightdeckfriend.com/become-an-airline-pilot/pilot-and-aviation-abbreviations/
ALS	Approach Lighting System	https://www.flightdeckfriend.com/become-an-airline-pilot/pilot-and-aviation-abbreviations/
ALT	Altitude	https://www.flightdeckfriend.com/become-an-airline-pilot/pilot-and-aviation-abbreviations/
ALTA	Association of Latin American Air Transport.	https://centreforaviation.com/about/glossary
AMSL	Above Mean Sea Level	https://www.flightdeckfriend.com/become-an-airline-pilot/pilot-and-aviation-abbreviations/
ANC	Aviate Navigate Communicate	https://www.flightdeckfriend.com/become-an-airline-pilot/pilot-and-aviation-abbreviations/
ANP	Actual Navigation Performance	https://www.flightdeckfriend.com/become-an-airline-pilot/pilot-and-aviation-abbreviations/
ANS	Air Navigation Services.	https://centreforaviation.com/about/glossary
ANSP	Air Navigation Services Provider.	https://centreforaviation.com/about/glossary
AoA	Angle of Attack	https://www.flightdeckfriend.com/become-an-airline-pilot/pilot-and-aviation-abbreviations/
AOC	Air Operator’s Certificate.	https://centreforaviation.com/about/glossary
AOG	Aircraft on Ground	https://www.flightdeckfriend.com/become-an-airline-pilot/pilot-and-aviation-abbreviations/
AOM	Airport Operating Minima	https://www.flightdeckfriend.com/become-an-airline-pilot/pilot-and-aviation-abbreviations/
AP	Auto Pilot	https://www.flightdeckfriend.com/become-an-airline-pilot/pilot-and-aviation-abbreviations/
AP	Aeroplane	https://www.flightdeckfriend.com/become-an-airline-pilot/pilot-and-aviation-abbreviations/
APFA	Association of Professional Flight Attendants	https://airlinecareer.com/tests/flight-attendant-dictionary/#PSR
API	Advance Passenger Information.	https://centreforaviation.com/about/glossary
APIS	Advance Passenger Information Systems.	https://centreforaviation.com/about/glossary
APP	Approach	https://www.flightdeckfriend.com/become-an-airline-pilot/pilot-and-aviation-abbreviations/
APT	Airport	https://www.flightdeckfriend.com/become-an-airline-pilot/pilot-and-aviation-abbreviations/
APU	Auxiliary Power Unit	https://www.flightdeckfriend.com/become-an-airline-pilot/pilot-and-aviation-abbreviations/
AR	Aspect Ratio	https://www.flightdeckfriend.com/become-an-airline-pilot/pilot-and-aviation-abbreviations/
ARINC	Aeronautical Radio Inc (US).	https://centreforaviation.com/about/glossary
ARO	International Air Rail Organisation.	https://centreforaviation.com/about/glossary
ARP	Aerodrome Reference Point	https://www.flightdeckfriend.com/become-an-airline-pilot/pilot-and-aviation-abbreviations/
ARTCC	Air Route Traffic Control Center	https://www.avjobs.com/history/airline-glossary.asp
ASA	Air Services Agreement.	https://centreforaviation.com/about/glossary
ASD	Aeorospace and Defence Industries of Europe.	https://centreforaviation.com/about/glossary
ASDA	Accelerate Stop Distance Available	https://www.flightdeckfriend.com/become-an-airline-pilot/pilot-and-aviation-abbreviations/
ASEAN	Association of South East Asian Nations.	https://centreforaviation.com/about/glossary
ASECNA	Agence pour la Sécurité de la Navigation Aérienne en Afrique et à Madagascar.	https://centreforaviation.com/about/glossary
ASI	Airspeed Indicator	https://www.flightdeckfriend.com/become-an-airline-pilot/pilot-and-aviation-abbreviations/
ASK	Available Seat Kilometres	https://centreforaviation.com/about/glossary
ASL	Above Sea Level	https://www.flightdeckfriend.com/become-an-airline-pilot/pilot-and-aviation-abbreviations/
ASM	Available seat mile	https://centreforaviation.com/about/glossary
ASO	Agency Services Office.	https://centreforaviation.com/about/glossary
ASPA	Association of South Pacific Airlines.	https://centreforaviation.com/about/glossary
ASR	Airport Surveillance Radar	https://www.flightdeckfriend.com/become-an-airline-pilot/pilot-and-aviation-abbreviations/
ASR	Air Safety Report	https://www.flightdeckfriend.com/become-an-airline-pilot/pilot-and-aviation-abbreviations/
ASTA	American Society of Travel Agents.	https://centreforaviation.com/about/glossary
AT	Auto Throttle	https://www.flightdeckfriend.com/become-an-airline-pilot/pilot-and-aviation-abbreviations/
ATA	Air Transport Association of America.	https://centreforaviation.com/about/glossary
ATA	Air Transport Association	https://www.flightdeckfriend.com/become-an-airline-pilot/pilot-and-aviation-abbreviations/
ATAC	Air Transport Association of Canada.	https://centreforaviation.com/about/glossary
ATAG	Air Transport Action Group.	https://centreforaviation.com/about/glossary
ATB	Air Transport Association of America.	https://centreforaviation.com/about/glossary
ATC	Air Traffic Control	https://www.flightdeckfriend.com/become-an-airline-pilot/pilot-and-aviation-abbreviations/
ATC	Air Training Corps	https://www.flightdeckfriend.com/become-an-airline-pilot/pilot-and-aviation-abbreviations/
ATIS	Automatic Terminal Information Service	https://www.flightdeckfriend.com/become-an-airline-pilot/pilot-and-aviation-abbreviations/
ATK	Available Tonne Kilometre.	https://centreforaviation.com/about/glossary
ATM	Air Traffic Management	https://www.flightdeckfriend.com/become-an-airline-pilot/pilot-and-aviation-abbreviations/
ATN	Aeronautical Telecommunication Network.	https://centreforaviation.com/about/glossary
ATNS	Air Traffic and Navigation Services.	https://centreforaviation.com/about/glossary
ATP	Airline Transport Pilot	https://www.flightdeckfriend.com/become-an-airline-pilot/pilot-and-aviation-abbreviations/
ATPL	Air Transport Pilots Licence	https://www.flightdeckfriend.com/become-an-airline-pilot/pilot-and-aviation-abbreviations/
ATS	Air Traffic Service	https://www.flightdeckfriend.com/become-an-airline-pilot/pilot-and-aviation-abbreviations/
ATS/DS	Air Traffic Services Direct Speech.	https://centreforaviation.com/about/glossary
ATSP	Air Traffic Service Providers.	https://centreforaviation.com/about/glossary
ATZ	Air Traffic Zone	https://www.flightdeckfriend.com/become-an-airline-pilot/pilot-and-aviation-abbreviations/
AUC	Air Transport Users Council.	https://centreforaviation.com/about/glossary
AVNET	A joint ATA/API/IATA Project to develop EDI messages recommended for use for transactions between airlines and companies providing the supply or distribution of aviation fuel and related products and services.	https://centreforaviation.com/about/glossary
AWB	See Air Waybill.	https://centreforaviation.com/about/glossary
BA	Braking Action	https://www.flightdeckfriend.com/become-an-airline-pilot/pilot-and-aviation-abbreviations/
BA	British Airways	https://www.flightdeckfriend.com/become-an-airline-pilot/pilot-and-aviation-abbreviations/
BAA	British Airport Authority	https://www.flightdeckfriend.com/become-an-airline-pilot/pilot-and-aviation-abbreviations/
BAA	Baltic Aviation Academy	https://www.flightdeckfriend.com/become-an-airline-pilot/pilot-and-aviation-abbreviations/
BACF	British Airways Cityflyer	https://www.flightdeckfriend.com/become-an-airline-pilot/pilot-and-aviation-abbreviations/
BALPA	British Airline Pilots Association	https://www.flightdeckfriend.com/become-an-airline-pilot/pilot-and-aviation-abbreviations/
BCS	Back Course (ILS)	https://www.flightdeckfriend.com/become-an-airline-pilot/pilot-and-aviation-abbreviations/
BPR	By-Pass Ratio	https://www.flightdeckfriend.com/become-an-airline-pilot/pilot-and-aviation-abbreviations/
BRK	Brookfield	https://www.flightdeckfriend.com/become-an-airline-pilot/pilot-and-aviation-abbreviations/
BSP	Billing Settlement Plan	https://centreforaviation.com/about/glossary
BST	British Summer Time	https://www.flightdeckfriend.com/become-an-airline-pilot/pilot-and-aviation-abbreviations/
BT	Backtrack	https://www.flightdeckfriend.com/become-an-airline-pilot/pilot-and-aviation-abbreviations/
CA	Critical Area (ILS)	https://www.flightdeckfriend.com/become-an-airline-pilot/pilot-and-aviation-abbreviations/
CAA	Civil Aviation Authority	https://www.flightdeckfriend.com/become-an-airline-pilot/pilot-and-aviation-abbreviations/
CAE	A flight training organisation (OAA)	https://www.flightdeckfriend.com/become-an-airline-pilot/pilot-and-aviation-abbreviations/
CAS	Calibrated Air Speed	https://www.flightdeckfriend.com/become-an-airline-pilot/pilot-and-aviation-abbreviations/
CASM	Cost Per Available Seat Mile	https://centreforaviation.com/about/glossary
CAT	Category (ILS)	https://www.flightdeckfriend.com/become-an-airline-pilot/pilot-and-aviation-abbreviations/
CAT	Clear Air Turbulence	https://www.flightdeckfriend.com/become-an-airline-pilot/pilot-and-aviation-abbreviations/
CAVOK	Ceiling and Visibility OK	https://www.flightdeckfriend.com/become-an-airline-pilot/pilot-and-aviation-abbreviations/
CB	Circuit Breaker	https://www.flightdeckfriend.com/become-an-airline-pilot/pilot-and-aviation-abbreviations/
CB	Cumulonimbus	https://www.flightdeckfriend.com/become-an-airline-pilot/pilot-and-aviation-abbreviations/
CBT	Computer Based Training	https://www.flightdeckfriend.com/become-an-airline-pilot/pilot-and-aviation-abbreviations/
CC	Cabin Crew	https://www.flightdeckfriend.com/become-an-airline-pilot/pilot-and-aviation-abbreviations/
CC	Crew Control	https://www.flightdeckfriend.com/become-an-airline-pilot/pilot-and-aviation-abbreviations/
CC	Company Council (BALPA Related)	https://www.flightdeckfriend.com/become-an-airline-pilot/pilot-and-aviation-abbreviations/
CDA	Continuous Descent Approach	https://www.flightdeckfriend.com/become-an-airline-pilot/pilot-and-aviation-abbreviations/
CDFA	Continuous Descent Final Approach	https://www.flightdeckfriend.com/become-an-airline-pilot/pilot-and-aviation-abbreviations/
CDI	Course Deviation Indicator	https://www.flightdeckfriend.com/become-an-airline-pilot/pilot-and-aviation-abbreviations/
CDU	Control Display Unit	https://www.flightdeckfriend.com/become-an-airline-pilot/pilot-and-aviation-abbreviations/
CFI	Chief Flying Instructor	https://www.flightdeckfriend.com/become-an-airline-pilot/pilot-and-aviation-abbreviations/
CFIT	Controlled Flight into Terrain	https://www.flightdeckfriend.com/become-an-airline-pilot/pilot-and-aviation-abbreviations/
CGI	Chief Ground Instructor	https://www.flightdeckfriend.com/become-an-airline-pilot/pilot-and-aviation-abbreviations/
CGO	Cargo	https://centreforaviation.com/about/glossary
CHAOS	Create Havoc Around Our System	https://airlinecareer.com/tests/flight-attendant-dictionary/#PSR
CL	Center Line	https://www.flightdeckfriend.com/become-an-airline-pilot/pilot-and-aviation-abbreviations/
CLB	Climb	https://www.flightdeckfriend.com/become-an-airline-pilot/pilot-and-aviation-abbreviations/
CMD	Command	https://www.flightdeckfriend.com/become-an-airline-pilot/pilot-and-aviation-abbreviations/
CMV	Converted Meteorological Visibility	https://www.flightdeckfriend.com/become-an-airline-pilot/pilot-and-aviation-abbreviations/
COBT	Calculated Off Block Time	https://www.flightdeckfriend.com/become-an-airline-pilot/pilot-and-aviation-abbreviations/
CoG	Centre of Gravity	https://www.flightdeckfriend.com/become-an-airline-pilot/pilot-and-aviation-abbreviations/
CON	Contingency Fuel	https://www.flightdeckfriend.com/become-an-airline-pilot/pilot-and-aviation-abbreviations/
CON	Max Continuos Thrust	https://www.flightdeckfriend.com/become-an-airline-pilot/pilot-and-aviation-abbreviations/
CP	Chief Pilot	https://www.flightdeckfriend.com/become-an-airline-pilot/pilot-and-aviation-abbreviations/
CP	Cadet Program	https://www.flightdeckfriend.com/become-an-airline-pilot/pilot-and-aviation-abbreviations/
CP	Cadet Pilot	https://www.flightdeckfriend.com/become-an-airline-pilot/pilot-and-aviation-abbreviations/
CP	Critical Point	https://www.flightdeckfriend.com/become-an-airline-pilot/pilot-and-aviation-abbreviations/
CPL	Commercial Pilots Licence	https://www.flightdeckfriend.com/become-an-airline-pilot/pilot-and-aviation-abbreviations/
CPR	Cardiopulmonary Resuscitation	https://airlinecareer.com/tests/flight-attendant-dictionary/#PSR
CPT	Captain	https://www.flightdeckfriend.com/become-an-airline-pilot/pilot-and-aviation-abbreviations/
CRM	Crew Resource Management	https://www.flightdeckfriend.com/become-an-airline-pilot/pilot-and-aviation-abbreviations/
CRMI	Crew Resource Management Instructor	https://www.flightdeckfriend.com/become-an-airline-pilot/pilot-and-aviation-abbreviations/
CRS	Computer Reservation System	https://www.avjobs.com/history/airline-glossary.asp
CRZ	Cruise	https://www.flightdeckfriend.com/become-an-airline-pilot/pilot-and-aviation-abbreviations/
CSM	Cabin Service Manager	https://www.flightdeckfriend.com/become-an-airline-pilot/pilot-and-aviation-abbreviations/
CSS	Cabin Service Supervisor	https://www.flightdeckfriend.com/become-an-airline-pilot/pilot-and-aviation-abbreviations/
CTC	British Integrated Flight Training Organisation	https://www.flightdeckfriend.com/become-an-airline-pilot/pilot-and-aviation-abbreviations/
CTC	Chief Training Captain	https://www.flightdeckfriend.com/become-an-airline-pilot/pilot-and-aviation-abbreviations/
CTOT	Calculated Take Off Time	https://www.flightdeckfriend.com/become-an-airline-pilot/pilot-and-aviation-abbreviations/
CTR	Control Zone	https://www.flightdeckfriend.com/become-an-airline-pilot/pilot-and-aviation-abbreviations/
CTZ	Control Zone	https://www.flightdeckfriend.com/become-an-airline-pilot/pilot-and-aviation-abbreviations/
CVR	Cockpit Voice Recorder	https://www.flightdeckfriend.com/become-an-airline-pilot/pilot-and-aviation-abbreviations/
CWA	Association of Flight Attendants, the largest flight attendant labor union in the U.S.flight attendant dictionary	https://airlinecareer.com/tests/flight-attendant-dictionary/#PSR
CWS	Control Wheel Steering	https://www.flightdeckfriend.com/become-an-airline-pilot/pilot-and-aviation-abbreviations/
CX	Checks	https://www.flightdeckfriend.com/become-an-airline-pilot/pilot-and-aviation-abbreviations/
DA	Decision Altitude	https://www.flightdeckfriend.com/become-an-airline-pilot/pilot-and-aviation-abbreviations/
DALR	Dry Adiabatic Lapse Rate	https://www.flightdeckfriend.com/become-an-airline-pilot/pilot-and-aviation-abbreviations/
DC	Direct Current	https://www.flightdeckfriend.com/become-an-airline-pilot/pilot-and-aviation-abbreviations/
DEC	Direct Entry Captain	https://www.flightdeckfriend.com/become-an-airline-pilot/pilot-and-aviation-abbreviations/
DER	Departure End (of the) Runway	https://www.flightdeckfriend.com/become-an-airline-pilot/pilot-and-aviation-abbreviations/
DFDR	digital flight data recorder	https://www.avjobs.com/history/airline-glossary.asp
DG	Dangerous Goods	https://www.flightdeckfriend.com/become-an-airline-pilot/pilot-and-aviation-abbreviations/
DH	Decision Height	https://www.flightdeckfriend.com/become-an-airline-pilot/pilot-and-aviation-abbreviations/
DI	Direction Indicator	https://www.flightdeckfriend.com/become-an-airline-pilot/pilot-and-aviation-abbreviations/
DIV	Diversion	https://www.flightdeckfriend.com/become-an-airline-pilot/pilot-and-aviation-abbreviations/
DLR	Aptitude Testing Used by Lufthansa	https://www.flightdeckfriend.com/become-an-airline-pilot/pilot-and-aviation-abbreviations/
DME	Distance Measuring Equipment	https://www.flightdeckfriend.com/become-an-airline-pilot/pilot-and-aviation-abbreviations/
DNF	Did Not Fly	https://www.flightdeckfriend.com/become-an-airline-pilot/pilot-and-aviation-abbreviations/
DOC	Designated Operating Coverage	https://www.flightdeckfriend.com/become-an-airline-pilot/pilot-and-aviation-abbreviations/
DODAR	Diagnose/Options/Decide/Assign/Review	https://www.flightdeckfriend.com/become-an-airline-pilot/pilot-and-aviation-abbreviations/
DOW	Dry Operating Weight	https://www.flightdeckfriend.com/become-an-airline-pilot/pilot-and-aviation-abbreviations/
EACI	Europe Airport Council International	https://centreforaviation.com/about/glossary
EAG	European Action Group.	https://centreforaviation.com/about/glossary
EASA	European Aviation Safety Agency	https://www.flightdeckfriend.com/become-an-airline-pilot/pilot-and-aviation-abbreviations/
EASO	European Aviation Suppliers Organisation.	https://centreforaviation.com/about/glossary
EAT	Estimated Approach Time	https://www.flightdeckfriend.com/become-an-airline-pilot/pilot-and-aviation-abbreviations/
EATCHIP	European ATC Harmonisation and Integration Programme	https://centreforaviation.com/about/glossary
EBAA	European Business Aviation Association.	https://centreforaviation.com/about/glossary
ECA	European Cargo Alliance.	https://centreforaviation.com/about/glossary
ECAC	European Civil Aviation Conference.	https://centreforaviation.com/about/glossary
ECTAA	Group of National Travel Agents and Tour Operators Associations within the EU	https://centreforaviation.com/about/glossary
EDI	Electronic Data Interchange.	https://centreforaviation.com/about/glossary
EET	Estimated Elapsed Time	https://www.flightdeckfriend.com/become-an-airline-pilot/pilot-and-aviation-abbreviations/
EFB	Electronic Flight Bag	https://www.flightdeckfriend.com/become-an-airline-pilot/pilot-and-aviation-abbreviations/
EFIS	Electronic Flight Information System	https://www.flightdeckfriend.com/become-an-airline-pilot/pilot-and-aviation-abbreviations/
EGPWS	Enhanced Ground Proximity Warning System	https://www.flightdeckfriend.com/become-an-airline-pilot/pilot-and-aviation-abbreviations/
EGT	Exhaust Gas Temperature	https://www.flightdeckfriend.com/become-an-airline-pilot/pilot-and-aviation-abbreviations/
EHSI	Electronic Horizontal Situation Indicator	https://www.flightdeckfriend.com/become-an-airline-pilot/pilot-and-aviation-abbreviations/
ELFAA	European Low Fares Airline Association.	https://centreforaviation.com/about/glossary
ELT	Emergency Locator Transmitter	https://www.flightdeckfriend.com/become-an-airline-pilot/pilot-and-aviation-abbreviations/
EMB	Embraer	https://www.flightdeckfriend.com/become-an-airline-pilot/pilot-and-aviation-abbreviations/
EMR	Emergency	https://www.flightdeckfriend.com/become-an-airline-pilot/pilot-and-aviation-abbreviations/
EPR	Engine Pressure Ratio	https://www.flightdeckfriend.com/become-an-airline-pilot/pilot-and-aviation-abbreviations/
ERA	European Regions Airlines Association.	https://centreforaviation.com/about/glossary
ESPAS	European Strategic Partnership for Aviation Security.	https://centreforaviation.com/about/glossary
ET	Elapsed Time	https://www.flightdeckfriend.com/become-an-airline-pilot/pilot-and-aviation-abbreviations/
ETA	Estimated Time of Arrival	https://www.flightdeckfriend.com/become-an-airline-pilot/pilot-and-aviation-abbreviations/
ETD	Estimated Time of Departure	https://airlinecareer.com/tests/flight-attendant-dictionary/#PSR
ETOPS	Extended-range Twin-engine Operational Performance Standards	https://www.flightdeckfriend.com/become-an-airline-pilot/pilot-and-aviation-abbreviations/
ETOW	Estimated Take Off Weight	https://www.flightdeckfriend.com/become-an-airline-pilot/pilot-and-aviation-abbreviations/
ETP	Emergency Turn Procedure	https://www.flightdeckfriend.com/become-an-airline-pilot/pilot-and-aviation-abbreviations/
EU	European Union.	https://centreforaviation.com/about/glossary
EUROCONTROL	European Organisation for the Safety of Air Navigation	https://centreforaviation.com/about/glossary
EZFW	Estimated Zero Fuel Weight	https://www.flightdeckfriend.com/become-an-airline-pilot/pilot-and-aviation-abbreviations/
EZY	easyJet (ICAO Code)	https://www.flightdeckfriend.com/become-an-airline-pilot/pilot-and-aviation-abbreviations/
F/A	Abbreviation for flight attendant.	https://airlinecareer.com/tests/flight-attendant-dictionary/#PSR
FA	Flight Attendant	https://www.flightdeckfriend.com/become-an-airline-pilot/pilot-and-aviation-abbreviations/
FAA	Federal Aviation Agency	https://airlinecareer.com/tests/flight-attendant-dictionary/#PSR
FAA	Federal Aviation Administration	https://www.flightdeckfriend.com/become-an-airline-pilot/pilot-and-aviation-abbreviations/
FAB	Functional Airspace Blocks.	https://centreforaviation.com/about/glossary
FADEC	Full Authority Digital Engine Control	https://www.flightdeckfriend.com/become-an-airline-pilot/pilot-and-aviation-abbreviations/
FAF	Final Approach Fix	https://www.flightdeckfriend.com/become-an-airline-pilot/pilot-and-aviation-abbreviations/
FAL	Facilitation.	https://centreforaviation.com/about/glossary
FAM	Federal Air Marshall	https://airlinecareer.com/tests/flight-attendant-dictionary/#PSR
FAP	Final Approach Point	https://www.flightdeckfriend.com/become-an-airline-pilot/pilot-and-aviation-abbreviations/
FAR	Federal Aviation Regulation	https://www.avjobs.com/history/airline-glossary.asp
FARs	Federal Aviation Regulations	https://airlinecareer.com/tests/flight-attendant-dictionary/#PSR
FAT	Final Approach Track	https://www.flightdeckfriend.com/become-an-airline-pilot/pilot-and-aviation-abbreviations/
FATPL	Frozen Air Transport Pilots Licence	https://www.flightdeckfriend.com/become-an-airline-pilot/pilot-and-aviation-abbreviations/
FBO	Fixed Base Operator	https://www.aircharterservice.com/about-us/news-features/blog/an-a-z-of-aviation-definitions
FBT	Fixed Based Trainer	https://www.flightdeckfriend.com/become-an-airline-pilot/pilot-and-aviation-abbreviations/
FBW	Fly By Wire	https://www.flightdeckfriend.com/become-an-airline-pilot/pilot-and-aviation-abbreviations/
FCL	Flight Crew Licensing	https://www.flightdeckfriend.com/become-an-airline-pilot/pilot-and-aviation-abbreviations/
FCOM	Flight Crew Operations Manual	https://www.flightdeckfriend.com/become-an-airline-pilot/pilot-and-aviation-abbreviations/
FCTM	Flight Crew Training Manual	https://www.flightdeckfriend.com/become-an-airline-pilot/pilot-and-aviation-abbreviations/
FD	Flight Director	https://www.flightdeckfriend.com/become-an-airline-pilot/pilot-and-aviation-abbreviations/
FDR	Flight Data Recorder	https://www.flightdeckfriend.com/become-an-airline-pilot/pilot-and-aviation-abbreviations/
FE	Flight Engineer	https://www.flightdeckfriend.com/become-an-airline-pilot/pilot-and-aviation-abbreviations/
FFDO	Federal Flight Deck Officer	https://airlinecareer.com/tests/flight-attendant-dictionary/#PSR
FFS	Full Flight Simulator	https://www.flightdeckfriend.com/become-an-airline-pilot/pilot-and-aviation-abbreviations/
FI	Flight Instructor	https://www.flightdeckfriend.com/become-an-airline-pilot/pilot-and-aviation-abbreviations/
FIATA	International Federation of Freight Forwarders Association	https://centreforaviation.com/about/glossary
FIR	Flight Information Region	https://www.flightdeckfriend.com/become-an-airline-pilot/pilot-and-aviation-abbreviations/
FIS	Flight Information Service	https://www.flightdeckfriend.com/become-an-airline-pilot/pilot-and-aviation-abbreviations/
FLF	Freight Load Factor	https://centreforaviation.com/about/glossary
FMC	Flight Management Computer	https://www.flightdeckfriend.com/become-an-airline-pilot/pilot-and-aviation-abbreviations/
FMS	Flight Management System.	https://centreforaviation.com/about/glossary
FMS	Flight Management System	https://www.flightdeckfriend.com/become-an-airline-pilot/pilot-and-aviation-abbreviations/
FNPT	Flight & Navigation Procedures Trainer	https://www.flightdeckfriend.com/become-an-airline-pilot/pilot-and-aviation-abbreviations/
FO	First Officer	https://www.flightdeckfriend.com/become-an-airline-pilot/pilot-and-aviation-abbreviations/
FOB	Fuel on board.	https://airlinecareer.com/tests/flight-attendant-dictionary/#PSR
FOD	Foreign Object Damage	https://www.flightdeckfriend.com/become-an-airline-pilot/pilot-and-aviation-abbreviations/
FOM	Fuel of Merit	https://www.flightdeckfriend.com/become-an-airline-pilot/pilot-and-aviation-abbreviations/
FOQA	Flight Operations Quality Assurance.	https://centreforaviation.com/about/glossary
FPA	Flight Path Angle	https://www.flightdeckfriend.com/become-an-airline-pilot/pilot-and-aviation-abbreviations/
FPL	Filed Flight Plan	https://www.flightdeckfriend.com/become-an-airline-pilot/pilot-and-aviation-abbreviations/
FPM	Feet Per Minute	https://www.flightdeckfriend.com/become-an-airline-pilot/pilot-and-aviation-abbreviations/
FPP	Future Flyer Programme	https://www.flightdeckfriend.com/become-an-airline-pilot/pilot-and-aviation-abbreviations/
FPT	Flat Panel Trainer	https://www.flightdeckfriend.com/become-an-airline-pilot/pilot-and-aviation-abbreviations/
FR	Ryanair (IATA Code)	https://www.flightdeckfriend.com/become-an-airline-pilot/pilot-and-aviation-abbreviations/
FREQ	Frequency	https://www.flightdeckfriend.com/become-an-airline-pilot/pilot-and-aviation-abbreviations/
FSS	Flight Service Station	https://www.avjobs.com/history/airline-glossary.asp
FT	Flight Training	https://www.flightdeckfriend.com/become-an-airline-pilot/pilot-and-aviation-abbreviations/
FTE	Flight Training Europe, Jerez	https://www.flightdeckfriend.com/become-an-airline-pilot/pilot-and-aviation-abbreviations/
FTK	Freight Tonne Kilometres	https://centreforaviation.com/about/glossary
FTO	Flight Training Organisation	https://www.flightdeckfriend.com/become-an-airline-pilot/pilot-and-aviation-abbreviations/
FUAAV	Fedération Universelle des Associations d’Agences de Voyages.	https://centreforaviation.com/about/glossary
G	G-force	https://www.flightdeckfriend.com/become-an-airline-pilot/pilot-and-aviation-abbreviations/
G.E.D.	Government Equivalency Degree	https://airlinecareer.com/tests/flight-attendant-dictionary/#PSR
G/A	Go Around	https://www.flightdeckfriend.com/become-an-airline-pilot/pilot-and-aviation-abbreviations/
GA	General Aviation	https://www.flightdeckfriend.com/become-an-airline-pilot/pilot-and-aviation-abbreviations/
GABI	Global Aviation Business Intelligence.	https://centreforaviation.com/about/glossary
GAPAN	The Guild of Air Pilots & Air Navigators	https://www.flightdeckfriend.com/become-an-airline-pilot/pilot-and-aviation-abbreviations/
GASAG	Global Aviation Security Action Group.	https://centreforaviation.com/about/glossary
GATS	General Agreement on Trade in Services (under WTO).	https://centreforaviation.com/about/glossary
GC	Great Circle	https://www.flightdeckfriend.com/become-an-airline-pilot/pilot-and-aviation-abbreviations/
GDS	Global Distribution System.	https://centreforaviation.com/about/glossary
GE	General Electric	https://www.flightdeckfriend.com/become-an-airline-pilot/pilot-and-aviation-abbreviations/
GENDEC	General Decleration	https://www.flightdeckfriend.com/become-an-airline-pilot/pilot-and-aviation-abbreviations/
GH	General Handling	https://www.flightdeckfriend.com/become-an-airline-pilot/pilot-and-aviation-abbreviations/
GI	Ground Instructor	https://www.flightdeckfriend.com/become-an-airline-pilot/pilot-and-aviation-abbreviations/
GND	Ground	https://www.flightdeckfriend.com/become-an-airline-pilot/pilot-and-aviation-abbreviations/
GNSS	Global Navigation Satellite System	https://www.flightdeckfriend.com/become-an-airline-pilot/pilot-and-aviation-abbreviations/
GP	Glide Path	https://www.flightdeckfriend.com/become-an-airline-pilot/pilot-and-aviation-abbreviations/
GP	Guidance Panel	https://www.flightdeckfriend.com/become-an-airline-pilot/pilot-and-aviation-abbreviations/
GPA	Glide Path Angle	https://www.flightdeckfriend.com/become-an-airline-pilot/pilot-and-aviation-abbreviations/
GPS	Global Positioning System	https://www.flightdeckfriend.com/become-an-airline-pilot/pilot-and-aviation-abbreviations/
GPWS	Ground Proximity Warning System	https://www.flightdeckfriend.com/become-an-airline-pilot/pilot-and-aviation-abbreviations/
GS	Ground School	https://www.flightdeckfriend.com/become-an-airline-pilot/pilot-and-aviation-abbreviations/
GS	Ground Speed	https://www.flightdeckfriend.com/become-an-airline-pilot/pilot-and-aviation-abbreviations/
GS	Glide Slope	https://www.flightdeckfriend.com/become-an-airline-pilot/pilot-and-aviation-abbreviations/
GSA	See General Sales Agent.	https://centreforaviation.com/about/glossary
HDG	Heading	https://www.flightdeckfriend.com/become-an-airline-pilot/pilot-and-aviation-abbreviations/
HEA	High Energy Approach	https://www.flightdeckfriend.com/become-an-airline-pilot/pilot-and-aviation-abbreviations/
HF	Human Factors	https://www.flightdeckfriend.com/become-an-airline-pilot/pilot-and-aviation-abbreviations/
HF	High Frequency	https://www.flightdeckfriend.com/become-an-airline-pilot/pilot-and-aviation-abbreviations/
HIALS	High Intensity Approach Lighting System	https://www.flightdeckfriend.com/become-an-airline-pilot/pilot-and-aviation-abbreviations/
HIL	Hold Item List	https://www.flightdeckfriend.com/become-an-airline-pilot/pilot-and-aviation-abbreviations/
HoT	Head of Training	https://www.flightdeckfriend.com/become-an-airline-pilot/pilot-and-aviation-abbreviations/
HOT	Hold Over Time (Anti-icing)	https://www.flightdeckfriend.com/become-an-airline-pilot/pilot-and-aviation-abbreviations/
HP	Horse Power	https://www.flightdeckfriend.com/become-an-airline-pilot/pilot-and-aviation-abbreviations/
HP	High Pressure	https://www.flightdeckfriend.com/become-an-airline-pilot/pilot-and-aviation-abbreviations/
HPA	Hectopascal	https://www.flightdeckfriend.com/become-an-airline-pilot/pilot-and-aviation-abbreviations/
HPT	High Pressure Turbine	https://www.flightdeckfriend.com/become-an-airline-pilot/pilot-and-aviation-abbreviations/
HSI	Horizontal Situation Indicator	https://www.flightdeckfriend.com/become-an-airline-pilot/pilot-and-aviation-abbreviations/
HST	Hypersonic Transport	https://www.flightdeckfriend.com/become-an-airline-pilot/pilot-and-aviation-abbreviations/
HUD	Head Up Display	https://www.flightdeckfriend.com/become-an-airline-pilot/pilot-and-aviation-abbreviations/
HWC	Head Wing Component	https://www.flightdeckfriend.com/become-an-airline-pilot/pilot-and-aviation-abbreviations/
HYD	Hydraulics	https://www.flightdeckfriend.com/become-an-airline-pilot/pilot-and-aviation-abbreviations/
IAA	Irish Aviation Authority	https://www.flightdeckfriend.com/become-an-airline-pilot/pilot-and-aviation-abbreviations/
IAC	Instrument Approach Chart	https://www.flightdeckfriend.com/become-an-airline-pilot/pilot-and-aviation-abbreviations/
IACA	International Air Carrier Association.	https://centreforaviation.com/about/glossary
IAF	Initial Approach Fix	https://www.flightdeckfriend.com/become-an-airline-pilot/pilot-and-aviation-abbreviations/
IAHA	International Aviation Handlers’ Association.	https://centreforaviation.com/about/glossary
IALPA	Irish Airline Pilots Association	https://www.flightdeckfriend.com/become-an-airline-pilot/pilot-and-aviation-abbreviations/
IAM	International Association of Machinists	https://airlinecareer.com/tests/flight-attendant-dictionary/#PSR
IAOPA	International Aircraft Owner and Pilot Associations.	https://centreforaviation.com/about/glossary
IAP	Instrument Approach Procedure	https://www.flightdeckfriend.com/become-an-airline-pilot/pilot-and-aviation-abbreviations/
IAPA	International Airline Passengers Association.	https://centreforaviation.com/about/glossary
IAS	Indicated Air Speed	https://www.flightdeckfriend.com/become-an-airline-pilot/pilot-and-aviation-abbreviations/
IATA	International Air Transport Association	https://www.flightdeckfriend.com/become-an-airline-pilot/pilot-and-aviation-abbreviations/
IATAN	International Airlines Travel Agent Network (wholly owned subsidiary of IATA)	https://centreforaviation.com/about/glossary
IATF	International Airline Training Fund.	https://centreforaviation.com/about/glossary
IBT	International Brotherhood of Teamsters	https://airlinecareer.com/tests/flight-attendant-dictionary/#PSR
ICAO	International Civil Aviation Organisation	https://www.flightdeckfriend.com/become-an-airline-pilot/pilot-and-aviation-abbreviations/
ICCS	IATA Currency Clearance Service.	https://centreforaviation.com/about/glossary
ICH	IATA Clearing House.	https://centreforaviation.com/about/glossary
IDG	Integrated Drive Generator	https://www.flightdeckfriend.com/become-an-airline-pilot/pilot-and-aviation-abbreviations/
IFALPA	International Federation of Airline Pilots Associations.	https://centreforaviation.com/about/glossary
IFATCA	International Federation of Air Traffic Controllers’ Associations.	https://centreforaviation.com/about/glossary
IFR	Instrument Flight Rules	https://www.flightdeckfriend.com/become-an-airline-pilot/pilot-and-aviation-abbreviations/
IFSP	In-flight security personnel.	https://centreforaviation.com/about/glossary
ILS	Instrument Landing System	https://www.flightdeckfriend.com/become-an-airline-pilot/pilot-and-aviation-abbreviations/
IMC	Instrument Meteorological Conditions	https://www.flightdeckfriend.com/become-an-airline-pilot/pilot-and-aviation-abbreviations/
INOP	Inoperative	https://www.flightdeckfriend.com/become-an-airline-pilot/pilot-and-aviation-abbreviations/
INS	Inertial Navigation System	https://www.flightdeckfriend.com/become-an-airline-pilot/pilot-and-aviation-abbreviations/
IOSA	IATA Operational Safety Audit.	https://centreforaviation.com/about/glossary
IR	Instrument Rating	https://www.flightdeckfriend.com/become-an-airline-pilot/pilot-and-aviation-abbreviations/
IRS	Inertial Reference System	https://www.flightdeckfriend.com/become-an-airline-pilot/pilot-and-aviation-abbreviations/
IRST	Instrument Rating Skills Test	https://www.flightdeckfriend.com/become-an-airline-pilot/pilot-and-aviation-abbreviations/
IRU	Inertial Reference Unit	https://www.flightdeckfriend.com/become-an-airline-pilot/pilot-and-aviation-abbreviations/
ISA	International Standard Atmosphere	https://www.flightdeckfriend.com/become-an-airline-pilot/pilot-and-aviation-abbreviations/
ISS	IATA Settlement Systems.	https://centreforaviation.com/about/glossary
ITCZ	Intertropical Convergence Zone	https://www.flightdeckfriend.com/become-an-airline-pilot/pilot-and-aviation-abbreviations/
ITF	International Transport Workers Federation.	https://centreforaviation.com/about/glossary
ITSS	IATA Travel Settlement Services.	https://centreforaviation.com/about/glossary
JAA	Joint Aviation Authorities	https://www.flightdeckfriend.com/become-an-airline-pilot/pilot-and-aviation-abbreviations/
JAR	Joint Aviation Requirements	https://www.flightdeckfriend.com/become-an-airline-pilot/pilot-and-aviation-abbreviations/
JFO	Junior First Officer	https://www.flightdeckfriend.com/become-an-airline-pilot/pilot-and-aviation-abbreviations/
JOC	Jet Orientation Course	https://www.flightdeckfriend.com/become-an-airline-pilot/pilot-and-aviation-abbreviations/
JS	Jump Seat	https://www.flightdeckfriend.com/become-an-airline-pilot/pilot-and-aviation-abbreviations/
JSA	See Joint Services Agreement.	https://centreforaviation.com/about/glossary
kHz	Kilohertz	https://www.flightdeckfriend.com/become-an-airline-pilot/pilot-and-aviation-abbreviations/
KIAS	Knots Indicated Airspeed	https://www.flightdeckfriend.com/become-an-airline-pilot/pilot-and-aviation-abbreviations/
KM	Kilometres	https://www.flightdeckfriend.com/become-an-airline-pilot/pilot-and-aviation-abbreviations/
KPH	Kilometres per hour	https://www.flightdeckfriend.com/become-an-airline-pilot/pilot-and-aviation-abbreviations/
KTS	Knots	https://www.flightdeckfriend.com/become-an-airline-pilot/pilot-and-aviation-abbreviations/
LACAC	Latin American Civil Aviation Commission.	https://centreforaviation.com/about/glossary
LCC	Low Cost Carrier/s	https://www.flightdeckfriend.com/become-an-airline-pilot/pilot-and-aviation-abbreviations/
LCK	Line Check	https://www.flightdeckfriend.com/become-an-airline-pilot/pilot-and-aviation-abbreviations/
LCTR	Locator	https://www.flightdeckfriend.com/become-an-airline-pilot/pilot-and-aviation-abbreviations/
LD	Landing Distance	https://www.flightdeckfriend.com/become-an-airline-pilot/pilot-and-aviation-abbreviations/
LDA	Landing Distance Available	https://www.flightdeckfriend.com/become-an-airline-pilot/pilot-and-aviation-abbreviations/
LDA	Low Drag Approach	https://www.flightdeckfriend.com/become-an-airline-pilot/pilot-and-aviation-abbreviations/
LDR	Landing Distance Required	https://www.flightdeckfriend.com/become-an-airline-pilot/pilot-and-aviation-abbreviations/
LEO	Law Enforcement Officer	https://airlinecareer.com/tests/flight-attendant-dictionary/#PSR
LG	Landing Gear	https://www.flightdeckfriend.com/become-an-airline-pilot/pilot-and-aviation-abbreviations/
LHO	Live Human Organs	https://www.flightdeckfriend.com/become-an-airline-pilot/pilot-and-aviation-abbreviations/
LHR	London Heathrow	https://www.flightdeckfriend.com/become-an-airline-pilot/pilot-and-aviation-abbreviations/
LLZ	Localiser	https://www.flightdeckfriend.com/become-an-airline-pilot/pilot-and-aviation-abbreviations/
LNAV	Lateral Navigation	https://www.flightdeckfriend.com/become-an-airline-pilot/pilot-and-aviation-abbreviations/
LOC	Localiser	https://www.flightdeckfriend.com/become-an-airline-pilot/pilot-and-aviation-abbreviations/
LOD	Language Of Destination	https://airlinecareer.com/tests/flight-attendant-dictionary/#PSR
LOE	Line Orientated Exercise	https://www.flightdeckfriend.com/become-an-airline-pilot/pilot-and-aviation-abbreviations/
LOFT	Line Oriented Flight Training	https://www.flightdeckfriend.com/become-an-airline-pilot/pilot-and-aviation-abbreviations/
LOO	Language Of Origin	https://airlinecareer.com/tests/flight-attendant-dictionary/#PSR
LORAN	Long Range Navigation	https://www.flightdeckfriend.com/become-an-airline-pilot/pilot-and-aviation-abbreviations/
LP	Low Pressure	https://www.flightdeckfriend.com/become-an-airline-pilot/pilot-and-aviation-abbreviations/
LPC	Line Proficiency Check	https://www.flightdeckfriend.com/become-an-airline-pilot/pilot-and-aviation-abbreviations/
LRU	Line Replaceable Unit	https://www.flightdeckfriend.com/become-an-airline-pilot/pilot-and-aviation-abbreviations/
LSK	Line Select Key	https://www.flightdeckfriend.com/become-an-airline-pilot/pilot-and-aviation-abbreviations/
LSS	Local Speed of Sound	https://www.flightdeckfriend.com/become-an-airline-pilot/pilot-and-aviation-abbreviations/
LST	Line Skills Test	https://www.flightdeckfriend.com/become-an-airline-pilot/pilot-and-aviation-abbreviations/
LT	Line Training	https://www.flightdeckfriend.com/become-an-airline-pilot/pilot-and-aviation-abbreviations/
LT	Local Time	https://www.flightdeckfriend.com/become-an-airline-pilot/pilot-and-aviation-abbreviations/
LTC	Line Training Captain	https://www.flightdeckfriend.com/become-an-airline-pilot/pilot-and-aviation-abbreviations/
LTP	Landing Threshold Point	https://www.flightdeckfriend.com/become-an-airline-pilot/pilot-and-aviation-abbreviations/
LVL	Level	https://www.flightdeckfriend.com/become-an-airline-pilot/pilot-and-aviation-abbreviations/
LVP	Low Visibility Procedures	https://www.flightdeckfriend.com/become-an-airline-pilot/pilot-and-aviation-abbreviations/
LW	Landing Weight	https://www.flightdeckfriend.com/become-an-airline-pilot/pilot-and-aviation-abbreviations/
MAA	Military Aviation Authority	https://www.flightdeckfriend.com/become-an-airline-pilot/pilot-and-aviation-abbreviations/
MAA	Missed Approach Altitude	https://www.flightdeckfriend.com/become-an-airline-pilot/pilot-and-aviation-abbreviations/
MAC	Mean Aerodyanamic Chord	https://www.flightdeckfriend.com/become-an-airline-pilot/pilot-and-aviation-abbreviations/
MACG	Missed Approach Climb Gradient	https://www.flightdeckfriend.com/become-an-airline-pilot/pilot-and-aviation-abbreviations/
MAP	Missed Approach Point	https://www.flightdeckfriend.com/become-an-airline-pilot/pilot-and-aviation-abbreviations/
MATZ	Military Air Traffic Zone	https://www.flightdeckfriend.com/become-an-airline-pilot/pilot-and-aviation-abbreviations/
MCC	Multi Crew Cooperation Course	https://www.flightdeckfriend.com/become-an-airline-pilot/pilot-and-aviation-abbreviations/
MCP	Mode Control Panel	https://www.flightdeckfriend.com/become-an-airline-pilot/pilot-and-aviation-abbreviations/
MCRIT	Critical Mach Number	https://www.flightdeckfriend.com/become-an-airline-pilot/pilot-and-aviation-abbreviations/
MCT	See Minimum Connecting Time.	https://centreforaviation.com/about/glossary
MCT	Maximum Continuous Thrust	https://www.flightdeckfriend.com/become-an-airline-pilot/pilot-and-aviation-abbreviations/
MDA	Minimum Decent Altitude	https://www.flightdeckfriend.com/become-an-airline-pilot/pilot-and-aviation-abbreviations/
MDH	Minimum Decent Height	https://www.flightdeckfriend.com/become-an-airline-pilot/pilot-and-aviation-abbreviations/
ME	Multi Engine	https://www.flightdeckfriend.com/become-an-airline-pilot/pilot-and-aviation-abbreviations/
MEA	Minimum Enroute Altitude	https://www.flightdeckfriend.com/become-an-airline-pilot/pilot-and-aviation-abbreviations/
MEL	Minimum Equipment List	https://www.flightdeckfriend.com/become-an-airline-pilot/pilot-and-aviation-abbreviations/
MEP	Multi Engine Piston	https://www.flightdeckfriend.com/become-an-airline-pilot/pilot-and-aviation-abbreviations/
MET	Meteorological	https://www.flightdeckfriend.com/become-an-airline-pilot/pilot-and-aviation-abbreviations/
METAR	Meteorological Aerodrome Report	https://www.flightdeckfriend.com/become-an-airline-pilot/pilot-and-aviation-abbreviations/
MFRA	Minimum Flap Retraction Altitude	https://www.flightdeckfriend.com/become-an-airline-pilot/pilot-and-aviation-abbreviations/
MLM	Maximum Landing Mass	https://www.flightdeckfriend.com/become-an-airline-pilot/pilot-and-aviation-abbreviations/
MLS	Microwave Landing System	https://www.flightdeckfriend.com/become-an-airline-pilot/pilot-and-aviation-abbreviations/
MLW	Maximum Landing Weight	https://www.flightdeckfriend.com/become-an-airline-pilot/pilot-and-aviation-abbreviations/
MM	Middle Marker	https://www.flightdeckfriend.com/become-an-airline-pilot/pilot-and-aviation-abbreviations/
MMEL	Master Minimum Equipment List	https://www.flightdeckfriend.com/become-an-airline-pilot/pilot-and-aviation-abbreviations/
MMO	Maximum Mach Number	https://www.flightdeckfriend.com/become-an-airline-pilot/pilot-and-aviation-abbreviations/
MOC	Minimum Obstacle Clearance	https://www.flightdeckfriend.com/become-an-airline-pilot/pilot-and-aviation-abbreviations/
MOR	Mandatory Occurance Report	https://www.flightdeckfriend.com/become-an-airline-pilot/pilot-and-aviation-abbreviations/
MORA	Minimum En-route Altitude	https://www.flightdeckfriend.com/become-an-airline-pilot/pilot-and-aviation-abbreviations/
MPA	Multi Pilot Aircraft	https://www.flightdeckfriend.com/become-an-airline-pilot/pilot-and-aviation-abbreviations/
MPL	Multi-Crew Pilots Licence	https://www.flightdeckfriend.com/become-an-airline-pilot/pilot-and-aviation-abbreviations/
MPS	Meters Per Second	https://www.flightdeckfriend.com/become-an-airline-pilot/pilot-and-aviation-abbreviations/
MRW	Maximum Ramp Weight	https://www.flightdeckfriend.com/become-an-airline-pilot/pilot-and-aviation-abbreviations/
MSA	Minimum Sector/Safe Altitude	https://www.flightdeckfriend.com/become-an-airline-pilot/pilot-and-aviation-abbreviations/
MSL	Mean Sea Level	https://www.flightdeckfriend.com/become-an-airline-pilot/pilot-and-aviation-abbreviations/
MTOW	Maximum Take Off Weight	https://www.flightdeckfriend.com/become-an-airline-pilot/pilot-and-aviation-abbreviations/
MZFW	Maximum Zero Fuel Weight	https://www.flightdeckfriend.com/become-an-airline-pilot/pilot-and-aviation-abbreviations/
N1	Low Pressure Compressor Speed	https://www.flightdeckfriend.com/become-an-airline-pilot/pilot-and-aviation-abbreviations/
N2	High Pressure Compressor Speed	https://www.flightdeckfriend.com/become-an-airline-pilot/pilot-and-aviation-abbreviations/
NADP	Noise Abatement Departure Procedure (1 or 2)	https://www.flightdeckfriend.com/become-an-airline-pilot/pilot-and-aviation-abbreviations/
NATS	National Air Traffic Service	https://www.flightdeckfriend.com/become-an-airline-pilot/pilot-and-aviation-abbreviations/
NAV	Navigation	https://www.flightdeckfriend.com/become-an-airline-pilot/pilot-and-aviation-abbreviations/
ND	Navigation Display	https://www.flightdeckfriend.com/become-an-airline-pilot/pilot-and-aviation-abbreviations/
NDB	Non Directional Beacon	https://www.flightdeckfriend.com/become-an-airline-pilot/pilot-and-aviation-abbreviations/
NG	Next Generation	https://www.flightdeckfriend.com/become-an-airline-pilot/pilot-and-aviation-abbreviations/
Nigel	A British Airways Pilot (Slang)	https://www.flightdeckfriend.com/become-an-airline-pilot/pilot-and-aviation-abbreviations/
NM	Nautical Mile	https://www.flightdeckfriend.com/become-an-airline-pilot/pilot-and-aviation-abbreviations/
No1	Number One (Senior Cabin Crew Member)	https://www.flightdeckfriend.com/become-an-airline-pilot/pilot-and-aviation-abbreviations/
NOTAM	Notice to Airmen	https://www.flightdeckfriend.com/become-an-airline-pilot/pilot-and-aviation-abbreviations/
NOTECH	Non Technical Skills	https://www.flightdeckfriend.com/become-an-airline-pilot/pilot-and-aviation-abbreviations/
NPA	Non Precision Approach	https://www.flightdeckfriend.com/become-an-airline-pilot/pilot-and-aviation-abbreviations/
NPPL	National Private Pilots Licence	https://www.flightdeckfriend.com/become-an-airline-pilot/pilot-and-aviation-abbreviations/
NSC	No Significant Cloud	https://www.flightdeckfriend.com/become-an-airline-pilot/pilot-and-aviation-abbreviations/
NTS	Non Technical Skills	https://www.flightdeckfriend.com/become-an-airline-pilot/pilot-and-aviation-abbreviations/
NTSB	National Transportation Safety Board	https://www.flightdeckfriend.com/become-an-airline-pilot/pilot-and-aviation-abbreviations/
NWS	Nose Wheel Steering	https://www.flightdeckfriend.com/become-an-airline-pilot/pilot-and-aviation-abbreviations/
O2	Oxygen	https://www.flightdeckfriend.com/become-an-airline-pilot/pilot-and-aviation-abbreviations/
OAA	Oxford Aviation Academy (UK Integrated School)	https://www.flightdeckfriend.com/become-an-airline-pilot/pilot-and-aviation-abbreviations/
OAT	Outside Air Temperature	https://www.flightdeckfriend.com/become-an-airline-pilot/pilot-and-aviation-abbreviations/
OB	Off/On Blocks	https://www.flightdeckfriend.com/become-an-airline-pilot/pilot-and-aviation-abbreviations/
OBS	Omni Bearing Selector	https://www.flightdeckfriend.com/become-an-airline-pilot/pilot-and-aviation-abbreviations/
OC	Operations Control	https://www.flightdeckfriend.com/become-an-airline-pilot/pilot-and-aviation-abbreviations/
OCA	Obstacle Clearance Altitude	https://www.flightdeckfriend.com/become-an-airline-pilot/pilot-and-aviation-abbreviations/
OCC	Operators Conversion Course	https://www.flightdeckfriend.com/become-an-airline-pilot/pilot-and-aviation-abbreviations/
OCH	Obstacle Clearance Height	https://www.flightdeckfriend.com/become-an-airline-pilot/pilot-and-aviation-abbreviations/
OEA	One Engine Approach	https://www.flightdeckfriend.com/become-an-airline-pilot/pilot-and-aviation-abbreviations/
OEI	One Engine Inoperative	https://www.flightdeckfriend.com/become-an-airline-pilot/pilot-and-aviation-abbreviations/
OEM	Original Equipment Manufacturer	https://www.flightdeckfriend.com/become-an-airline-pilot/pilot-and-aviation-abbreviations/
OFP	Operational Flight Plan	https://www.flightdeckfriend.com/become-an-airline-pilot/pilot-and-aviation-abbreviations/
OM	Operations Manual	https://www.flightdeckfriend.com/become-an-airline-pilot/pilot-and-aviation-abbreviations/
OM	Outer Marker	https://www.flightdeckfriend.com/become-an-airline-pilot/pilot-and-aviation-abbreviations/
OPC	Operator Proficiency Check	https://www.flightdeckfriend.com/become-an-airline-pilot/pilot-and-aviation-abbreviations/
OTP	On Time Performance	https://www.flightdeckfriend.com/become-an-airline-pilot/pilot-and-aviation-abbreviations/
OTS	Out of Service	https://www.flightdeckfriend.com/become-an-airline-pilot/pilot-and-aviation-abbreviations/
OW	Operational Weight	https://www.flightdeckfriend.com/become-an-airline-pilot/pilot-and-aviation-abbreviations/
OXY	Oxygen	https://www.flightdeckfriend.com/become-an-airline-pilot/pilot-and-aviation-abbreviations/
PA	Public/Passenger Announcement	https://www.flightdeckfriend.com/become-an-airline-pilot/pilot-and-aviation-abbreviations/
PAAST	Pan-American Aviation Safety Team.	https://centreforaviation.com/about/glossary
Packs	Air Conditioning Units	https://www.flightdeckfriend.com/become-an-airline-pilot/pilot-and-aviation-abbreviations/
PANS-OPS	Procedures for Air Navigation Services	https://www.flightdeckfriend.com/become-an-airline-pilot/pilot-and-aviation-abbreviations/
PAPI	Precision Approach Path Indicator	https://www.flightdeckfriend.com/become-an-airline-pilot/pilot-and-aviation-abbreviations/
PAR	Precision Approach Radar	https://www.flightdeckfriend.com/become-an-airline-pilot/pilot-and-aviation-abbreviations/
PATA	Pacific Asia Travel Association.	https://centreforaviation.com/about/glossary
PAX	Passenger/s	https://www.flightdeckfriend.com/become-an-airline-pilot/pilot-and-aviation-abbreviations/
PCN	Pavement Classification Number	https://www.flightdeckfriend.com/become-an-airline-pilot/pilot-and-aviation-abbreviations/
PET	Point Of Equal Time	https://www.flightdeckfriend.com/become-an-airline-pilot/pilot-and-aviation-abbreviations/
PF	Pilot Flying	https://www.flightdeckfriend.com/become-an-airline-pilot/pilot-and-aviation-abbreviations/
PFC	A tax authorized by Congress, approved by the Federal Aviation Administration, assessed by airports, and collected by airlines as an add-on to the passenger airfare. It is designed to help pay for airport improvements that enhance safety and capacity and is not revenue for airlines.	https://www.avjobs.com/history/airline-glossary.asp
PFD	Primary Flight Display	https://www.flightdeckfriend.com/become-an-airline-pilot/pilot-and-aviation-abbreviations/
PFL	Practice Forced Landing	https://www.flightdeckfriend.com/become-an-airline-pilot/pilot-and-aviation-abbreviations/
PIC	Pilot in Command	https://www.flightdeckfriend.com/become-an-airline-pilot/pilot-and-aviation-abbreviations/
PICUS	Pilot in Command Under Supervision	https://www.flightdeckfriend.com/become-an-airline-pilot/pilot-and-aviation-abbreviations/
PIO	Pilot Induced Oscillations	https://www.flightdeckfriend.com/become-an-airline-pilot/pilot-and-aviation-abbreviations/
PIREP	Pilot Report	https://www.flightdeckfriend.com/become-an-airline-pilot/pilot-and-aviation-abbreviations/
PM	Pilot Monitoring	https://www.flightdeckfriend.com/become-an-airline-pilot/pilot-and-aviation-abbreviations/
PNF	Pilot Not Flying	https://www.flightdeckfriend.com/become-an-airline-pilot/pilot-and-aviation-abbreviations/
PNR	Passenger Name Record	https://centreforaviation.com/about/glossary
PNR	Point of No Return	https://www.flightdeckfriend.com/become-an-airline-pilot/pilot-and-aviation-abbreviations/
PoB	Passengers on Board	https://www.flightdeckfriend.com/become-an-airline-pilot/pilot-and-aviation-abbreviations/
PoF	Principles of Flight	https://www.flightdeckfriend.com/become-an-airline-pilot/pilot-and-aviation-abbreviations/
POH	Pilot’s Operating Handbook	https://www.flightdeckfriend.com/become-an-airline-pilot/pilot-and-aviation-abbreviations/
PPL	Private Pilots Licence	https://www.flightdeckfriend.com/become-an-airline-pilot/pilot-and-aviation-abbreviations/
PPR	Prior Permission Required	https://www.flightdeckfriend.com/become-an-airline-pilot/pilot-and-aviation-abbreviations/
PRM	Persons with Reduced Mobility.	https://centreforaviation.com/about/glossary
PRNAV	Precision Area Navigation	https://www.flightdeckfriend.com/become-an-airline-pilot/pilot-and-aviation-abbreviations/
PSI	Pressure per square inch	https://www.flightdeckfriend.com/become-an-airline-pilot/pilot-and-aviation-abbreviations/
PSR	Passenger Service Agent	https://airlinecareer.com/tests/flight-attendant-dictionary/#PSR
PSR	Point of safe return	https://www.flightdeckfriend.com/become-an-airline-pilot/pilot-and-aviation-abbreviations/
PSR	Purser (No 1 Cabin Crew)	https://www.flightdeckfriend.com/become-an-airline-pilot/pilot-and-aviation-abbreviations/
PSU	Passenger Service Unit	https://airlinecareer.com/tests/flight-attendant-dictionary/#PSR
PT	Progress Test	https://www.flightdeckfriend.com/become-an-airline-pilot/pilot-and-aviation-abbreviations/
PTT	Push to Talk	https://www.flightdeckfriend.com/become-an-airline-pilot/pilot-and-aviation-abbreviations/
PUT	Pilot Under Training	https://www.flightdeckfriend.com/become-an-airline-pilot/pilot-and-aviation-abbreviations/
QDM	Magnetic heading to a station	https://www.flightdeckfriend.com/become-an-airline-pilot/pilot-and-aviation-abbreviations/
QDR	Magnetic Bearing from a station	https://www.flightdeckfriend.com/become-an-airline-pilot/pilot-and-aviation-abbreviations/
QFE	Field Elevation (Pressure Setting)	https://www.flightdeckfriend.com/become-an-airline-pilot/pilot-and-aviation-abbreviations/
QNH	Regional Pressure Setting	https://www.flightdeckfriend.com/become-an-airline-pilot/pilot-and-aviation-abbreviations/
QRA	Quick Reaction Alert	https://www.flightdeckfriend.com/become-an-airline-pilot/pilot-and-aviation-abbreviations/
QRH	Quick Reference Handbook	https://www.flightdeckfriend.com/become-an-airline-pilot/pilot-and-aviation-abbreviations/
QTY	Quantity	https://www.flightdeckfriend.com/become-an-airline-pilot/pilot-and-aviation-abbreviations/
RA	Radio Altimeter	https://www.flightdeckfriend.com/become-an-airline-pilot/pilot-and-aviation-abbreviations/
RA	Radio Altitude	https://www.flightdeckfriend.com/become-an-airline-pilot/pilot-and-aviation-abbreviations/
RA	Resolution Advisory	https://www.flightdeckfriend.com/become-an-airline-pilot/pilot-and-aviation-abbreviations/
RADAR	Radio Detection and Ranging	https://www.flightdeckfriend.com/become-an-airline-pilot/pilot-and-aviation-abbreviations/
RAF	Royal Air Force	https://www.flightdeckfriend.com/become-an-airline-pilot/pilot-and-aviation-abbreviations/
RAPCON	Radar Approach Control Facility	https://www.aircharterservice.com/about-us/news-features/blog/an-a-z-of-aviation-definitions
RAS	Rectified Airspeed	https://www.flightdeckfriend.com/become-an-airline-pilot/pilot-and-aviation-abbreviations/
RASM/RASK	Revenue per Available Seat Mile/Kilometre	https://centreforaviation.com/about/glossary
RAT	Ram Air Turbine	https://www.flightdeckfriend.com/become-an-airline-pilot/pilot-and-aviation-abbreviations/
REL	Runway Edge Lights	https://www.flightdeckfriend.com/become-an-airline-pilot/pilot-and-aviation-abbreviations/
RESA	Runway End Safety Area	https://www.flightdeckfriend.com/become-an-airline-pilot/pilot-and-aviation-abbreviations/
RET	Rapid Exit Taxiway	https://www.flightdeckfriend.com/become-an-airline-pilot/pilot-and-aviation-abbreviations/
RMI	Radio Magnetic Indicator	https://www.flightdeckfriend.com/become-an-airline-pilot/pilot-and-aviation-abbreviations/
RN	Royal Navy	https://www.flightdeckfriend.com/become-an-airline-pilot/pilot-and-aviation-abbreviations/
RNAV	Area Navigation	https://www.flightdeckfriend.com/become-an-airline-pilot/pilot-and-aviation-abbreviations/
RNP	Required Navigation Performance.	https://centreforaviation.com/about/glossary
RNP	Required Navigation Performance	https://www.flightdeckfriend.com/become-an-airline-pilot/pilot-and-aviation-abbreviations/
RON	Remain Overnight	https://airlinecareer.com/tests/flight-attendant-dictionary/#PSR
RPL	Repetitive Flight Plan	https://www.flightdeckfriend.com/become-an-airline-pilot/pilot-and-aviation-abbreviations/
RT	Radio Telephony	https://www.flightdeckfriend.com/become-an-airline-pilot/pilot-and-aviation-abbreviations/
RTKM	Revenue Tonne Kilometre.	https://centreforaviation.com/about/glossary
RTO	Rejected Take Off	https://www.flightdeckfriend.com/become-an-airline-pilot/pilot-and-aviation-abbreviations/
RTS	Return to Stand	https://www.flightdeckfriend.com/become-an-airline-pilot/pilot-and-aviation-abbreviations/
RVR	Runway Visual Range	https://www.flightdeckfriend.com/become-an-airline-pilot/pilot-and-aviation-abbreviations/
RVSM	Reduced Vertical Separation Minima	https://www.flightdeckfriend.com/become-an-airline-pilot/pilot-and-aviation-abbreviations/
RW	Runway	https://www.flightdeckfriend.com/become-an-airline-pilot/pilot-and-aviation-abbreviations/
RWY	Runway	https://www.flightdeckfriend.com/become-an-airline-pilot/pilot-and-aviation-abbreviations/
RYR	Ryanair (ICAO Code)	https://www.flightdeckfriend.com/become-an-airline-pilot/pilot-and-aviation-abbreviations/
S/O	Second Officer	https://www.flightdeckfriend.com/become-an-airline-pilot/pilot-and-aviation-abbreviations/
SADLR	Saturated Adiabatic Lapse Rate	https://www.flightdeckfriend.com/become-an-airline-pilot/pilot-and-aviation-abbreviations/
SAR	Search and Rescue	https://www.flightdeckfriend.com/become-an-airline-pilot/pilot-and-aviation-abbreviations/
SAT	Saturated Air Temperature	https://www.flightdeckfriend.com/become-an-airline-pilot/pilot-and-aviation-abbreviations/
SCCM	Senior Cabin Crew Member	https://www.flightdeckfriend.com/become-an-airline-pilot/pilot-and-aviation-abbreviations/
SE	Single Engine	https://www.flightdeckfriend.com/become-an-airline-pilot/pilot-and-aviation-abbreviations/
SELCAL	Selective Calling	https://www.flightdeckfriend.com/become-an-airline-pilot/pilot-and-aviation-abbreviations/
SEP	Single Engine Piston	https://www.flightdeckfriend.com/become-an-airline-pilot/pilot-and-aviation-abbreviations/
SEP	Safety and Emergency Procedures	https://www.flightdeckfriend.com/become-an-airline-pilot/pilot-and-aviation-abbreviations/
SFI	Synthetic Flight Instructor	https://www.flightdeckfriend.com/become-an-airline-pilot/pilot-and-aviation-abbreviations/
SFO	Senior First Officer	https://www.flightdeckfriend.com/become-an-airline-pilot/pilot-and-aviation-abbreviations/
SHF	Super High Frequency	https://www.flightdeckfriend.com/become-an-airline-pilot/pilot-and-aviation-abbreviations/
SIC	Second In Command	https://www.flightdeckfriend.com/become-an-airline-pilot/pilot-and-aviation-abbreviations/
SID	Standard Instrument Departure	https://www.flightdeckfriend.com/become-an-airline-pilot/pilot-and-aviation-abbreviations/
SIGMET	Significant meteorological advisory	https://www.flightdeckfriend.com/become-an-airline-pilot/pilot-and-aviation-abbreviations/
SLF	Self Loading Freight (Passengers)	https://www.flightdeckfriend.com/become-an-airline-pilot/pilot-and-aviation-abbreviations/
SLP	Speed Limit Point	https://www.flightdeckfriend.com/become-an-airline-pilot/pilot-and-aviation-abbreviations/
SM	Statute Mile	https://www.flightdeckfriend.com/become-an-airline-pilot/pilot-and-aviation-abbreviations/
SMR	Surface Movement Radar	https://www.flightdeckfriend.com/become-an-airline-pilot/pilot-and-aviation-abbreviations/
SO	International Standards Organisation.	https://centreforaviation.com/about/glossary
SOP’s	Standard Operating Procedures	https://www.flightdeckfriend.com/become-an-airline-pilot/pilot-and-aviation-abbreviations/
SOS	Save our Souls (Distress call)	https://www.flightdeckfriend.com/become-an-airline-pilot/pilot-and-aviation-abbreviations/
SPIC	Student Pilot In Command	https://www.flightdeckfriend.com/become-an-airline-pilot/pilot-and-aviation-abbreviations/
SR	Sunrise	https://www.flightdeckfriend.com/become-an-airline-pilot/pilot-and-aviation-abbreviations/
SRA	Surveillance Radar Approach	https://www.flightdeckfriend.com/become-an-airline-pilot/pilot-and-aviation-abbreviations/
SS	Sunset	https://www.flightdeckfriend.com/become-an-airline-pilot/pilot-and-aviation-abbreviations/
SSR	Secondary Surveillance Radar	https://www.flightdeckfriend.com/become-an-airline-pilot/pilot-and-aviation-abbreviations/
SST	Supersonic Transport	https://www.flightdeckfriend.com/become-an-airline-pilot/pilot-and-aviation-abbreviations/
STA	Scheduled Time of Arrival	https://www.flightdeckfriend.com/become-an-airline-pilot/pilot-and-aviation-abbreviations/
STAR	Standard Terminal Arrival Route	https://www.flightdeckfriend.com/become-an-airline-pilot/pilot-and-aviation-abbreviations/
STD	Scheduled Time of Departure	https://www.flightdeckfriend.com/become-an-airline-pilot/pilot-and-aviation-abbreviations/
STD	Standard (Pressure Setting 1013mb)	https://www.flightdeckfriend.com/become-an-airline-pilot/pilot-and-aviation-abbreviations/
T/O	Take Off	https://www.flightdeckfriend.com/become-an-airline-pilot/pilot-and-aviation-abbreviations/
TA	Transition Altitude	https://www.flightdeckfriend.com/become-an-airline-pilot/pilot-and-aviation-abbreviations/
TA	Traffic Advisory	https://www.flightdeckfriend.com/become-an-airline-pilot/pilot-and-aviation-abbreviations/
TAA	Terminal Arrival Area	https://www.flightdeckfriend.com/become-an-airline-pilot/pilot-and-aviation-abbreviations/
TACAN	Tactical Air Navigation	https://www.flightdeckfriend.com/become-an-airline-pilot/pilot-and-aviation-abbreviations/
TACT	See The Air Traffic Cargo Tariff.	https://centreforaviation.com/about/glossary
TAF	Terminal Area Forecast	https://www.flightdeckfriend.com/become-an-airline-pilot/pilot-and-aviation-abbreviations/
TAF	Aerodrome Forecast	https://www.flightdeckfriend.com/become-an-airline-pilot/pilot-and-aviation-abbreviations/
TAS	True Airspeed	https://www.flightdeckfriend.com/become-an-airline-pilot/pilot-and-aviation-abbreviations/
TAT	Total Air Temperature	https://www.flightdeckfriend.com/become-an-airline-pilot/pilot-and-aviation-abbreviations/
TCA	Terminal Control Area	https://www.flightdeckfriend.com/become-an-airline-pilot/pilot-and-aviation-abbreviations/
TCAA	Transatlantic Common Aviation Area.	https://centreforaviation.com/about/glossary
TCAS	Traffic Collision Avoidance System	https://www.avjobs.com/history/airline-glossary.asp
TCAS	Traffic Collision Avoidance System	https://www.flightdeckfriend.com/become-an-airline-pilot/pilot-and-aviation-abbreviations/
TCH	Threshold Crossing Height	https://www.flightdeckfriend.com/become-an-airline-pilot/pilot-and-aviation-abbreviations/
TDZ	Touch Down Zone	https://www.flightdeckfriend.com/become-an-airline-pilot/pilot-and-aviation-abbreviations/
TECH	Technical	https://www.flightdeckfriend.com/become-an-airline-pilot/pilot-and-aviation-abbreviations/
TEM	Threat and Error Management	https://www.flightdeckfriend.com/become-an-airline-pilot/pilot-and-aviation-abbreviations/
TERPS	Terminal Procedures	https://www.flightdeckfriend.com/become-an-airline-pilot/pilot-and-aviation-abbreviations/
TFC	Traffic	https://www.flightdeckfriend.com/become-an-airline-pilot/pilot-and-aviation-abbreviations/
THLD	Threshold	https://www.flightdeckfriend.com/become-an-airline-pilot/pilot-and-aviation-abbreviations/
THLD	Thrust Hold	https://www.flightdeckfriend.com/become-an-airline-pilot/pilot-and-aviation-abbreviations/
THOB	Total Heads On Board	https://www.flightdeckfriend.com/become-an-airline-pilot/pilot-and-aviation-abbreviations/
THR	Threshold	https://www.flightdeckfriend.com/become-an-airline-pilot/pilot-and-aviation-abbreviations/
TIACA	International Air Cargo Association.	https://centreforaviation.com/about/glossary
TKI	Theoretical Knowledge Instructor	https://www.flightdeckfriend.com/become-an-airline-pilot/pilot-and-aviation-abbreviations/
TL	Transition Level	https://www.flightdeckfriend.com/become-an-airline-pilot/pilot-and-aviation-abbreviations/
TLA	Thrust Lever Angle	https://www.flightdeckfriend.com/become-an-airline-pilot/pilot-and-aviation-abbreviations/
TMA	Terminal Manoeuvring Area	https://www.flightdeckfriend.com/become-an-airline-pilot/pilot-and-aviation-abbreviations/
TO/GA	Take Off Go Around	https://www.flightdeckfriend.com/become-an-airline-pilot/pilot-and-aviation-abbreviations/
TOC	Take Off Configuration	https://www.flightdeckfriend.com/become-an-airline-pilot/pilot-and-aviation-abbreviations/
TOC	Top Of Climb	https://www.flightdeckfriend.com/become-an-airline-pilot/pilot-and-aviation-abbreviations/
TOD	Top Of Descent	https://www.flightdeckfriend.com/become-an-airline-pilot/pilot-and-aviation-abbreviations/
TODA	Take Off Distance Available	https://www.flightdeckfriend.com/become-an-airline-pilot/pilot-and-aviation-abbreviations/
TORA	Take Off Run Available	https://www.flightdeckfriend.com/become-an-airline-pilot/pilot-and-aviation-abbreviations/
TOW	Take Off Weight	https://www.flightdeckfriend.com/become-an-airline-pilot/pilot-and-aviation-abbreviations/
TP	Turbo Prop	https://www.flightdeckfriend.com/become-an-airline-pilot/pilot-and-aviation-abbreviations/
TR	Type Rating	https://www.flightdeckfriend.com/become-an-airline-pilot/pilot-and-aviation-abbreviations/
TRACON	Terminal Radar Approach Control Facility	https://www.avjobs.com/history/airline-glossary.asp
TRE	Type Rating Examiner	https://www.flightdeckfriend.com/become-an-airline-pilot/pilot-and-aviation-abbreviations/
TRI	Type Rating Instructor	https://www.flightdeckfriend.com/become-an-airline-pilot/pilot-and-aviation-abbreviations/
TRM	See Transfer Manifest.	https://centreforaviation.com/about/glossary
TRTO	Type Rating Training Organisation	https://www.flightdeckfriend.com/become-an-airline-pilot/pilot-and-aviation-abbreviations/
TRU	Transformer Rectifier Unit	https://www.flightdeckfriend.com/become-an-airline-pilot/pilot-and-aviation-abbreviations/
TS	Thunderstorm	https://www.flightdeckfriend.com/become-an-airline-pilot/pilot-and-aviation-abbreviations/
TSA	Transportation Security Administration	https://centreforaviation.com/about/glossary
TT	Total Time	https://www.flightdeckfriend.com/become-an-airline-pilot/pilot-and-aviation-abbreviations/
TTL	Total	https://www.flightdeckfriend.com/become-an-airline-pilot/pilot-and-aviation-abbreviations/
TWC	Tail Wind Component	https://www.flightdeckfriend.com/become-an-airline-pilot/pilot-and-aviation-abbreviations/
TWIC	Transport Worker ID Card.	https://centreforaviation.com/about/glossary
TWR	Tower	https://www.flightdeckfriend.com/become-an-airline-pilot/pilot-and-aviation-abbreviations/
TWU	Transport Workers Union of America	https://airlinecareer.com/tests/flight-attendant-dictionary/#PSR
TWY	Taxiway	https://www.flightdeckfriend.com/become-an-airline-pilot/pilot-and-aviation-abbreviations/
U/S	Unserviceable	https://www.flightdeckfriend.com/become-an-airline-pilot/pilot-and-aviation-abbreviations/
UA	Unusual Attitude	https://www.flightdeckfriend.com/become-an-airline-pilot/pilot-and-aviation-abbreviations/
UAS	University Air Squadron	https://www.flightdeckfriend.com/become-an-airline-pilot/pilot-and-aviation-abbreviations/
UAV	Unmanned Air Vehicles	https://www.flightdeckfriend.com/become-an-airline-pilot/pilot-and-aviation-abbreviations/
UCR	See ULD Control Receipt.	https://centreforaviation.com/about/glossary
UFO	Unidentified Flying Object	https://www.flightdeckfriend.com/become-an-airline-pilot/pilot-and-aviation-abbreviations/
UHF	Ultra High Frequency	https://www.flightdeckfriend.com/become-an-airline-pilot/pilot-and-aviation-abbreviations/
UIR	Upper Flight Information Region	https://www.flightdeckfriend.com/become-an-airline-pilot/pilot-and-aviation-abbreviations/
ULD	See Unit Load Device.	https://centreforaviation.com/about/glossary
USAF	United States Air Force	https://www.flightdeckfriend.com/become-an-airline-pilot/pilot-and-aviation-abbreviations/
UTC	Universal Co-ordinated Time (Zulu)	https://www.flightdeckfriend.com/become-an-airline-pilot/pilot-and-aviation-abbreviations/
VA	Virgin Atlantic	https://www.flightdeckfriend.com/become-an-airline-pilot/pilot-and-aviation-abbreviations/
VAAC	Volcanic Ash Advisory Center	https://www.flightdeckfriend.com/become-an-airline-pilot/pilot-and-aviation-abbreviations/
VAC	Volcanic Approach Chart	https://www.flightdeckfriend.com/become-an-airline-pilot/pilot-and-aviation-abbreviations/
VASI	Vertical Approach Slope Indicator	https://www.flightdeckfriend.com/become-an-airline-pilot/pilot-and-aviation-abbreviations/
VAT	Value-Added Tax	https://centreforaviation.com/about/glossary
VFE	Maximum Flap Extension Speed	https://www.flightdeckfriend.com/become-an-airline-pilot/pilot-and-aviation-abbreviations/
VFR	Visual Flight Rules	https://www.flightdeckfriend.com/become-an-airline-pilot/pilot-and-aviation-abbreviations/
VHF	Very High Frequency	https://www.flightdeckfriend.com/become-an-airline-pilot/pilot-and-aviation-abbreviations/
VIMD	Maximum Drag Speed	https://www.flightdeckfriend.com/become-an-airline-pilot/pilot-and-aviation-abbreviations/
VIP	Very Important Person	https://www.flightdeckfriend.com/become-an-airline-pilot/pilot-and-aviation-abbreviations/
VLE	Maximum Landing Gear Extended Speed	https://www.flightdeckfriend.com/become-an-airline-pilot/pilot-and-aviation-abbreviations/
VMC	Visual Meteorological Conditions	https://www.flightdeckfriend.com/become-an-airline-pilot/pilot-and-aviation-abbreviations/
VMCA	Minimum Control Speed Airborne	https://www.flightdeckfriend.com/become-an-airline-pilot/pilot-and-aviation-abbreviations/
VMCG	Minimum Control Speed Ground	https://www.flightdeckfriend.com/become-an-airline-pilot/pilot-and-aviation-abbreviations/
VMO	Maximum Indicated Airspeed	https://www.flightdeckfriend.com/become-an-airline-pilot/pilot-and-aviation-abbreviations/
VNAV	Vertical Navigation	https://www.flightdeckfriend.com/become-an-airline-pilot/pilot-and-aviation-abbreviations/
VNE	Never Exceed Speed	https://www.flightdeckfriend.com/become-an-airline-pilot/pilot-and-aviation-abbreviations/
VNO	Normal Operating Speed	https://www.flightdeckfriend.com/become-an-airline-pilot/pilot-and-aviation-abbreviations/
VOLMET	Meterlogical Information In Flight	https://www.flightdeckfriend.com/become-an-airline-pilot/pilot-and-aviation-abbreviations/
VOR	VHF Omni Directional Radio Range	https://www.flightdeckfriend.com/become-an-airline-pilot/pilot-and-aviation-abbreviations/
VR	Rotate	https://www.flightdeckfriend.com/become-an-airline-pilot/pilot-and-aviation-abbreviations/
VRB	Variable	https://www.flightdeckfriend.com/become-an-airline-pilot/pilot-and-aviation-abbreviations/
VS	Vertical Speed	https://www.flightdeckfriend.com/become-an-airline-pilot/pilot-and-aviation-abbreviations/
VSI	Vertical Speed Indicator	https://www.flightdeckfriend.com/become-an-airline-pilot/pilot-and-aviation-abbreviations/
VTOL	Vertical Take Off and Landing	https://www.flightdeckfriend.com/become-an-airline-pilot/pilot-and-aviation-abbreviations/
VV	Vertical Visability	https://www.flightdeckfriend.com/become-an-airline-pilot/pilot-and-aviation-abbreviations/
VVIP	Very Very Important Person	https://www.flightdeckfriend.com/become-an-airline-pilot/pilot-and-aviation-abbreviations/
VX	Best Angle of Climb Speed	https://www.flightdeckfriend.com/become-an-airline-pilot/pilot-and-aviation-abbreviations/
VY	Best Rate of Climb Speed	https://www.flightdeckfriend.com/become-an-airline-pilot/pilot-and-aviation-abbreviations/
WATS	World Air Transport Statistics.	https://centreforaviation.com/about/glossary
WHO	World Health Organisation.	https://centreforaviation.com/about/glossary
WILCO	Will Comply	https://www.flightdeckfriend.com/become-an-airline-pilot/pilot-and-aviation-abbreviations/
WIP	Work In Progress	https://www.flightdeckfriend.com/become-an-airline-pilot/pilot-and-aviation-abbreviations/
WOCL	Window of Circadian Low	https://www.flightdeckfriend.com/become-an-airline-pilot/pilot-and-aviation-abbreviations/
WPT	Way Point	https://www.flightdeckfriend.com/become-an-airline-pilot/pilot-and-aviation-abbreviations/
WTO	World Tourism Organisation.	https://centreforaviation.com/about/glossary
WTO-OMC	World Trade Organisation (formerly GATT).	https://centreforaviation.com/about/glossary
WTTC	World Travel and Tourism Council.	https://centreforaviation.com/about/glossary
WX	Weather	https://www.flightdeckfriend.com/become-an-airline-pilot/pilot-and-aviation-abbreviations/
XPDR	Transponder	https://www.flightdeckfriend.com/become-an-airline-pilot/pilot-and-aviation-abbreviations/
XWC	Cross Wind Component	https://www.flightdeckfriend.com/become-an-airline-pilot/pilot-and-aviation-abbreviations/
Z	Zulu Time (Same as UTC and GMT)	https://www.flightdeckfriend.com/become-an-airline-pilot/pilot-and-aviation-abbreviations/
ZFT	Zero Flight Time	https://www.flightdeckfriend.com/become-an-airline-pilot/pilot-and-aviation-abbreviations/
ZFW	Zero Fuel Weight	https://www.flightdeckfriend.com/become-an-airline-pilot/pilot-and-aviation-abbreviations/
